{"cameraMode":{"drawMode":0,"name":"Shaded","section":"Shading Mode"},"sceneLighting":false,"audioPlay":false,"sceneViewState":{"m_AlwaysRefresh":false,"showFog":true,"showSkybox":false,"showFlares":true,"showImageEffects":true,"showParticleSystems":true,"showVisualEffectGraphs":true,"m_FxEnabled":true},"in2DMode":false,"pivot":{"x":-0.002904832363128662,"y":0.044399701058864596,"z":0.04453083872795105},"rotation":{"x":0.23000280559062959,"y":0.54067462682724,"z":-0.15664583444595338,"w":0.7938788533210754},"size":0.7784701585769653,"orthographic":false}